[{"name":"Vegetable Bag","sellLimit":20,"_id":{"$oid":"313138313031313033313031"}},{"name":"Laptop Backpack","sellLimit":20,"_id":{"$oid":"313038393731313231313631"}},{"name":"handbag","sellLimit":20,"_id":{"$oid":"313034393731313031303039"}},{"name":"Laptop Sleeve","sellLimit":20,"_id":{"$oid":"313038393731313231313631"}},{"name":"Ipad Sleeve","sellLimit":20,"_id":{"$oid":"313035313132393731303031"}},{"name":"Charger Pouch","sellLimit":20,"_id":{"$oid":"393931303439373131343130"}},{"name":"Laptop sleeve bag","sellLimit":20,"_id":{"$oid":"313038393731313231313631"}},{"name":"Tiffin bag","sellLimit":20,"_id":{"$oid":"313136313035313032313032"}},{"name":"Hand clutch","sellLimit":20,"_id":{"$oid":"313034393731313031303039"}},{"name":"Side bag","sellLimit":20,"_id":{"$oid":"313135313035313030313031"}},{"name":"sling","sellLimit":20,"_id":{"$oid":"313135313038313035313130"}},{"name":"Cosmetic Pouch","sellLimit":20,"_id":{"$oid":"393931313131313531303931"}},{"name":"Wallet","sellLimit":20,"_id":{"$oid":"313139393731303831303831"}},{"name":"Gel candle","sellLimit":20,"_id":{"$oid":"313033313031313038393939"}},{"name":"Bangle set","sellLimit":20,"_id":{"$oid":"393839373131303130333130"}},{"name":"Diya","sellLimit":20,"_id":{"$oid":"313030313035313231393731"}},{"name":"Jhumka Earrings","sellLimit":20,"_id":{"$oid":"313036313034313137313039"}},{"name":"Diyya","sellLimit":20,"_id":{"$oid":"313030313035313231313231"}},{"name":"Hanging stand","sellLimit":20,"_id":{"$oid":"313034393731313031303331"}},{"name":"Door Hanging","sellLimit":20,"_id":{"$oid":"313030313131313131313134"}},{"name":"Wall mobile hanging","sellLimit":20,"_id":{"$oid":"313139393731303831303831"}},{"name":"Pen stand","sellLimit":20,"_id":{"$oid":"313132313031313130313135"}},{"name":"Keychain","sellLimit":20,"_id":{"$oid":"313037313031313231393931"}},{"name":"Confarance","sellLimit":20,"_id":{"$oid":"393931313131313031303239"}},{"name":"Canvas","sellLimit":20,"_id":{"$oid":"393939373131303131383937"}},{"name":"Carry","sellLimit":20,"_id":{"$oid":"393939373131343131343132"}},{"name":"Envelope bag","sellLimit":20,"_id":{"$oid":"313031313130313138313031"}},{"name":"Bottle bag","sellLimit":20,"_id":{"$oid":"393831313131313631313631"}},{"name":"Hand bag","sellLimit":20,"_id":{"$oid":"313034393731313031303039"}},{"name":"Maket bag","sellLimit":20,"_id":{"$oid":"313039393731303731303131"}},{"name":"Laptop bag","sellLimit":20,"_id":{"$oid":"313038393731313231313631"}},{"name":"market bag","sellLimit":20,"_id":{"$oid":"313039393731313431303731"}},{"name":"Hanging","sellLimit":20,"_id":{"$oid":"313034393731313031303331"}},{"name":"purse","sellLimit":20,"_id":{"$oid":"313132313137313134313135"}},{"name":"Sticker box","sellLimit":20,"_id":{"$oid":"313135313136313035393931"}}]