{"tb55": ["/product-img/tb55.4.jpg", "/product-img/tb55.1.jpg", "/product-img/tb55.3.jpg", "/product-img/tb55.2.jpg"], "cp62": ["/product-img/cp62.1.jpg", "/product-img/cp62.2.jpg", "/product-img/cp62.4.jpg", "/product-img/cp62.3.jpg"], "bs140": ["/product-img/bs140.2.jpg", "/product-img/bs140.3.jpg", "/product-img/bs140.1.jpg"], "tb61": ["/product-img/tb61.2.jpg", "/product-img/tb61.4.jpg", "/product-img/tb61.3.jpg", "/product-img/tb61.1.jpg"], "tb54": ["/product-img/tb54.3.jpg", "/product-img/tb54.2.jpg", "/product-img/tb54.4.jpg", "/product-img/tb54.1.jpg"], "ls33": ["/product-img/ls33.2.jpg", "/product-img/ls33.3.jpg", "/product-img/ls33.4.jpg", "/product-img/ls33.1.jpg"], "jbb205": ["/product-img/jbb205.1.jpg", "/product-img/jbb205.2.jpg", "/product-img/jbb205.4.jpg", "/product-img/jbb205.3.jpg"], "shb85": ["/product-img/shb85.2.jpg", "/product-img/shb85.3.jpg", "/product-img/shb85.5.jpg", "/product-img/shb85.4.jpg", "/product-img/shb85.1.jpg"], "shh226": ["/product-img/shh226.2.jpg"], "lb50": ["/product-img/lb50.2.jpg", "/product-img/lb50.4.jpg", "/product-img/lb50.1.jpg", "/product-img/lb50.3.jpg", "/product-img/lb50.5.jpg"], "is38": ["/product-img/is38.3.jpg", "/product-img/is38.1.jpg", "/product-img/is38.4.jpg", "/product-img/is38.2.jpg"], "tb60": ["/product-img/tb60.3.jpg", "/product-img/tb60.4.jpg", "/product-img/tb60.1.jpg", "/product-img/tb60.2.jpg"], "dh184": ["/product-img/dh184.1.jpg", "/product-img/dh184.2.jpg", "/product-img/dh184.3.jpg"], "jlb209": ["/product-img/jlb209.2.jpg", "/product-img/jlb209.4.jpg", "/product-img/jlb209.1.jpg", "/product-img/jlb209.3.jpg"], "cp73": ["/product-img/cp73.1.jpg", "/product-img/cp73.2.jpg", "/product-img/cp73.3.jpg", "/product-img/cp73.4.jpg"], "msb105": ["/product-img/msb105.4.jpg", "/product-img/msb105.3.jpg", "/product-img/msb105.2.jpg", "/product-img/msb105.1.jpg"], "shb84": ["/product-img/shb84.4.jpg", "/product-img/shb84.2.jpg", "/product-img/shb84.1.jpg", "/product-img/shb84.5.jpg", "/product-img/shb84.3.jpg"], "msb104": ["/product-img/msb104.2.jpg", "/product-img/msb104.3.jpg", "/product-img/msb104.4.jpg", "/product-img/msb104.1.jpg"], "is41": ["/product-img/is41.2.jpg", "/product-img/is41.1.jpg", "/product-img/is41.3.jpg", "/product-img/is41.4.jpg"], "shb91": ["/product-img/shb91.3.jpg", "/product-img/shb91.2.jpg", "/product-img/shb91.1.jpg", "/product-img/shb91.4.jpg", "/product-img/shb91.5.jpg"], "h215": ["/product-img/h215.1.jpg", "/product-img/h215.2.jpg"], "cp43": ["/product-img/cp43.1.jpg", "/product-img/cp43.2.jpg", "/product-img/cp43.3.jpg"], "h216": ["/product-img/h216.1.jpg", "/product-img/h216.2.jpg"], "cb200": ["/product-img/cb200.4.jpg", "/product-img/cb200.3.jpg", "/product-img/cb200.2.jpg", "/product-img/cb200.1.jpg"], "msb106": ["/product-img/msb106.3.jpg", "/product-img/msb106.2.jpg", "/product-img/msb106.4.jpg", "/product-img/msb106.1.jpg"], "cmp120": ["/product-img/cmp120.3.jpg", "/product-img/cmp120.2.jpg", "/product-img/cmp120.1.jpg", "/product-img/cmp120.4.jpg"], "s223": ["/product-img/s223.2.jpg", "/product-img/s223.1.jpg", "/product-img/s223.3.jpg"], "cp74": ["/product-img/cp74.4.jpg", "/product-img/cp74.1.jpg", "/product-img/cp74.3.jpg", "/product-img/cp74.2.jpg", "/product-img/cp74.5.jpg"], "mp125": ["/product-img/mp125.1.jpg", "/product-img/mp125.4.jpg", "/product-img/mp125.2.jpg", "/product-img/mp125.3.jpg"], "bs138": ["/product-img/bs138.3.jpg", "/product-img/bs138.1.jpg", "/product-img/bs138.2.jpg"], "cmp119": ["/product-img/cmp119.4.jpg", "/product-img/cmp119.2.jpg", "/product-img/cmp119.3.jpg", "/product-img/cmp119.1.jpg"], "msb114": ["/product-img/msb114.4.jpg", "/product-img/msb114.1.jpg", "/product-img/msb114.3.jpg", "/product-img/msb114.2.jpg"], "msb103": ["/product-img/msb103.1.jpg", "/product-img/msb103.2.jpg", "/product-img/msb103.4.jpg", "/product-img/msb103.3.jpg"], "tb59": ["/product-img/tb59.2.jpg", "/product-img/tb59.3.jpg", "/product-img/tb59.4.jpg", "/product-img/tb59.1.jpg"], "ds179": ["/product-img/ds179.3.jpg", "/product-img/ds179.1.jpg", "/product-img/ds179.2.jpg"], "shb97": ["/product-img/shb97.4.jpg", "/product-img/shb97.2.jpg", "/product-img/shb97.3.jpg", "/product-img/shb97.1.jpg"], "cmp117": ["/product-img/cmp117.1.jpg", "/product-img/cmp117.3.jpg", "/product-img/cmp117.4.jpg", "/product-img/cmp117.2.jpg"], "ds172": ["/product-img/ds172.2.jpg", "/product-img/ds172.1.jpg", "/product-img/ds172.3.jpg"], "cp48": ["/product-img/cp48.2.jpg", "/product-img/cp48.1.jpg", "/product-img/cp48.3.jpg"], "shb95": ["/product-img/shb95.2.jpg", "/product-img/shb95.1.jpg", "/product-img/shb95.4.jpg", "/product-img/shb95.3.jpg"], "gc126": ["/product-img/gc126.2.jpg", "/product-img/gc126.1.jpg", "/product-img/gc126.3.jpg"], "ls34": ["/product-img/ls34.3.jpg", "/product-img/ls34.2.jpg", "/product-img/ls34.4.jpg", "/product-img/ls34.1.jpg"], "cp82": ["/product-img/cp82.2.jpg", "/product-img/cp82.5.jpg", "/product-img/cp82.3.jpg", "/product-img/cp82.1.jpg", "/product-img/cp82.4.jpg"], "cp70": ["/product-img/cp70.2.jpg", "/product-img/cp70.3.jpg", "/product-img/cp70.1.jpg"], "bs181": ["/product-img/bs181.2.jpg", "/product-img/bs181.1.jpg", "/product-img/bs181.3.jpg"], "tb53": ["/product-img/tb53.3.jpg", "/product-img/tb53.2.jpg", "/product-img/tb53.1.jpg", "/product-img/tb53.4.jpg"], "d156": ["/product-img/d156.1.jpg", "/product-img/d156.3.jpg", "/product-img/d156.2.jpg"], "gc134": ["/product-img/gc134.1.jpg", "/product-img/gc134.2.jpg"], "d166": ["/product-img/d166.3.jpg", "/product-img/d166.1.jpg", "/product-img/d166.2.jpg"], "d162": ["/product-img/d162.2.jpg", "/product-img/d162.3.jpg", "/product-img/d162.1.jpg"], "lb49": ["/product-img/lb49.2.jpg", "/product-img/lb49.4.jpg", "/product-img/lb49.3.jpg", "/product-img/lb49.1.jpg"], "cb04": ["/product-img/cb04.5.jpg", "/product-img/cb04.2.jpg", "/product-img/cb04.1.jpg", "/product-img/cb04.4.jpg", "/product-img/cb04.3.jpg"], "tb52": ["/product-img/tb52.3.jpg", "/product-img/tb52.4.jpg", "/product-img/tb52.2.jpg", "/product-img/tb52.1.jpg"], "ds177": ["/product-img/ds177.3.jpg", "/product-img/ds177.2.jpg", "/product-img/ds177.1.jpg"], "hb23": ["/product-img/hb23.4.jpg"], "msb108": ["/product-img/msb108.3.jpg", "/product-img/msb108.4.jpg", "/product-img/msb108.2.jpg", "/product-img/msb108.1.jpg"], "d155": ["/product-img/d155.2.jpg", "/product-img/d155.1.jpg", "/product-img/d155.3.jpg"], "d150": ["/product-img/d150.3.jpg", "/product-img/d150.1.jpg", "/product-img/d150.2.jpg"], "cb02": ["/product-img/cb02.2.jpg", "/product-img/cb02.4.jpg", "/product-img/cb02.1.jpg", "/product-img/cb02.5.jpg", "/product-img/cb02.3.jpg"], "cp63": ["/product-img/cp63.1.jpg", "/product-img/cp63.3.jpg", "/product-img/cp63.4.jpg", "/product-img/cp63.2.jpg"], "h213": ["/product-img/h213.2.jpg", "/product-img/h213.1.jpg"], "cp81": ["/product-img/cp81.2.jpg", "/product-img/cp81.3.jpg", "/product-img/cp81.5.jpg", "/product-img/cp81.1.jpg", "/product-img/cp81.4.jpg"], "d173": ["/product-img/d173.2.jpg", "/product-img/d173.3.jpg", "/product-img/d173.1.jpg"], "cmp122": ["/product-img/cmp122.3.jpg", "/product-img/cmp122.4.jpg", "/product-img/cmp122.1.jpg", "/product-img/cmp122.2.jpg"], "ds169": ["/product-img/ds169.3.jpg", "/product-img/ds169.2.jpg", "/product-img/ds169.1.jpg"], "msb113": ["/product-img/msb113.2.jpg", "/product-img/msb113.1.jpg", "/product-img/msb113.4.jpg", "/product-img/msb113.3.jpg"], "ps188": ["/product-img/ps188.3.jpg", "/product-img/ps188.1.jpg", "/product-img/ps188.2.jpg"], "cb01": ["/product-img/cb01.1.jpg", "/product-img/cb01.3.jpg", "/product-img/cb01.2.jpg", "/product-img/cb01.5.jpg", "/product-img/cb01.6.jpg", "/product-img/cb01.7.jpg", "/product-img/cb01.4.jpg"], "bs146": ["/product-img/bs146.1.jpg", "/product-img/bs146.3.jpg", "/product-img/bs146.2.jpg"], "ph218": ["/product-img/ph218.1.jpg", "/product-img/ph218.2.jpg"], "ps189": ["/product-img/ps189.1.jpg", "/product-img/ps189.2.jpg", "/product-img/ps189.3.jpg"], "msb99": ["/product-img/msb99.3.jpg", "/product-img/msb99.1.jpg", "/product-img/msb99.4.jpg", "/product-img/msb99.2.jpg"], "kc192": ["/product-img/kc192.1.jpg", "/product-img/kc192.2.jpg"], "msb110": ["/product-img/msb110.1.jpg", "/product-img/msb110.3.jpg", "/product-img/msb110.4.jpg", "/product-img/msb110.2.jpg"], "bs141": ["/product-img/bs141.2.jpg", "/product-img/bs141.3.jpg", "/product-img/bs141.1.jpg"], "cp69": ["/product-img/cp69.3.jpg", "/product-img/cp69.1.jpg", "/product-img/cp69.2.jpg"], "cp46": ["/product-img/cp46.3.jpg", "/product-img/cp46.1.jpg", "/product-img/cp46.2.jpg"], "cmp118": ["/product-img/cmp118.4.jpg", "/product-img/cmp118.3.jpg", "/product-img/cmp118.1.jpg", "/product-img/cmp118.2.jpg"], "msb107": ["/product-img/msb107.3.jpg", "/product-img/msb107.2.jpg", "/product-img/msb107.1.jpg", "/product-img/msb107.4.jpg"], "cp64": ["/product-img/cp64.1.jpg", "/product-img/cp64.4.jpg", "/product-img/cp64.2.jpg", "/product-img/cp64.3.jpg"], "tb56": ["/product-img/tb56.3.jpg", "/product-img/tb56.1.jpg", "/product-img/tb56.2.jpg", "/product-img/tb56.4.jpg"], "cp75": ["/product-img/cp75.1.jpg", "/product-img/cp75.4.jpg", "/product-img/cp75.5.jpg", "/product-img/cp75.2.jpg", "/product-img/cp75.3.jpg"], "mp123": ["/product-img/mp123.3.jpg", "/product-img/mp123.2.jpg", "/product-img/mp123.1.jpg", "/product-img/mp123.4.jpg"], "is40": ["/product-img/is40.3.jpg", "/product-img/is40.4.jpg", "/product-img/is40.2.jpg", "/product-img/is40.1.jpg"], "cp80": ["/product-img/cp80.1.jpg", "/product-img/cp80.4.jpg", "/product-img/cp80.3.jpg", "/product-img/cp80.2.jpg", "/product-img/cp80.5.jpg"], "cb202": ["/product-img/cb202.3.jpg", "/product-img/cb202.4.jpg", "/product-img/cb202.2.jpg", "/product-img/cb202.1.jpg"], "ssh228": ["/product-img/ssh228.2.jpg", "/product-img/ssh228.1.jpg"], "s230": ["/product-img/s230.3.jpg", "/product-img/s230.1.jpg", "/product-img/s230.2.jpg"], "shb92": ["/product-img/shb92.2.jpg", "/product-img/shb92.4.jpg", "/product-img/shb92.3.jpg", "/product-img/shb92.1.jpg"], "cmp115": ["/product-img/cmp115.4.jpg", "/product-img/cmp115.2.jpg", "/product-img/cmp115.1.jpg", "/product-img/cmp115.3.jpg"], "msb111": ["/product-img/msb111.3.jpg", "/product-img/msb111.2.jpg", "/product-img/msb111.1.jpg", "/product-img/msb111.4.jpg"], "jmb206": ["/product-img/jmb206.1.jpg", "/product-img/jmb206.3.jpg", "/product-img/jmb206.2.jpg", "/product-img/jmb206.4.jpg"], "bp06": ["/product-img/bp06.4.jpg", "/product-img/bp06.1.jpg", "/product-img/bp06.3.jpg", "/product-img/bp06.2.jpg", "/product-img/bp06.5.jpg"], "shb89": ["/product-img/shb89.2.jpg", "/product-img/shb89.3.jpg", "/product-img/shb89.1.jpg", "/product-img/shb89.4.jpg"], "ls35": ["/product-img/ls35.1.jpg", "/product-img/ls35.2.jpg", "/product-img/ls35.4.jpg", "/product-img/ls35.3.jpg"], "cb03": ["/product-img/cb03.6.jpg", "/product-img/cb03.5.jpg", "/product-img/cb03.3.jpg", "/product-img/cb03.4.jpg", "/product-img/cb03.2.jpg", "/product-img/cb03.1.jpg"], "lb51": ["/product-img/lb51.3.jpg", "/product-img/lb51.2.jpg", "/product-img/lb51.1.jpg", "/product-img/lb51.4.jpg"], "bs139": ["/product-img/bs139.2.jpg", "/product-img/bs139.1.jpg", "/product-img/bs139.3.jpg"], "shb86": ["/product-img/shb86.5.jpg", "/product-img/shb86.6.jpg", "/product-img/shb86.4.jpg", "/product-img/shb86.2.jpg", "/product-img/shb86.1.jpg", "/product-img/shb86.3.jpg"], "shb90": ["/product-img/shb90.4.jpg", "/product-img/shb90.1.jpg", "/product-img/shb90.3.jpg", "/product-img/shb90.2.jpg"], "cp68": ["/product-img/cp68.2.jpg", "/product-img/cp68.1.jpg", "/product-img/cp68.3.jpg"], "d154": ["/product-img/d154.2.jpg", "/product-img/d154.1.jpg"], "cp65": ["/product-img/cp65.2.jpg", "/product-img/cp65.3.jpg", "/product-img/cp65.1.jpg"], "er176": ["/product-img/er176.1.jpg", "/product-img/er176.3.jpg", "/product-img/er176.2.jpg"], "cmp116": ["/product-img/cmp116.4.jpg", "/product-img/cmp116.3.jpg", "/product-img/cmp116.1.jpg", "/product-img/cmp116.2.jpg"], "cp72": ["/product-img/cp72.3.jpg", "/product-img/cp72.1.jpg", "/product-img/cp72.2.jpg"], "is39": ["/product-img/is39.1.jpg", "/product-img/is39.4.jpg", "/product-img/is39.2.jpg", "/product-img/is39.3.jpg"], "d161": ["/product-img/d161.1.jpg", "/product-img/d161.3.jpg", "/product-img/d161.2.jpg"], "msb101": ["/product-img/msb101.1.jpg", "/product-img/msb101.4.jpg", "/product-img/msb101.3.jpg", "/product-img/msb101.2.jpg"], "shb96": ["/product-img/shb96.1.jpg", "/product-img/shb96.2.jpg", "/product-img/shb96.3.jpg", "/product-img/shb96.5.jpg", "/product-img/shb96.4.jpg"], "d148": ["/product-img/d148.1.jpg", "/product-img/d148.4.jpg", "/product-img/d148.2.jpg", "/product-img/d148.3.jpg"], "d165": ["/product-img/d165.1.jpg", "/product-img/d165.2.jpg", "/product-img/d165.3.jpg"], "mp124": ["/product-img/mp124.1.jpg", "/product-img/mp124.3.jpg", "/product-img/mp124.2.jpg", "/product-img/mp124.4.jpg"], "clb201": ["/product-img/clb201.4.jpg", "/product-img/clb201.1.jpg", "/product-img/clb201.3.jpg", "/product-img/clb201.2.jpg"], "bs145": ["/product-img/bs145.3.jpg", "/product-img/bs145.1.jpg", "/product-img/bs145.2.jpg"], "kc193": ["/product-img/kc193.1.jpg"], "cp78": ["/product-img/cp78.5.jpg", "/product-img/cp78.3.jpg", "/product-img/cp78.1.jpg", "/product-img/cp78.4.jpg", "/product-img/cp78.2.jpg"], "kc190": ["/product-img/kc190.2.jpg", "/product-img/kc190.1.jpg"], "eb204": ["/product-img/eb204.1.jpg", "/product-img/eb204.2.jpg"], "bs142": ["/product-img/bs142.2.jpg", "/product-img/bs142.1.jpg", "/product-img/bs142.3.jpg"], "d167": ["/product-img/d167.2.jpg", "/product-img/d167.1.jpg", "/product-img/d167.3.jpg"], "cp66": ["/product-img/cp66.3.jpg", "/product-img/cp66.2.jpg", "/product-img/cp66.1.jpg"], "cp47": ["/product-img/cp47.1.jpg", "/product-img/cp47.2.jpg"], "kc197": ["/product-img/kc197.2.jpg", "/product-img/kc197.1.jpg"], "gc128": ["/product-img/gc128.2.jpg", "/product-img/gc128.1.jpg"], "d157": ["/product-img/d157.3.jpg", "/product-img/d157.1.jpg", "/product-img/d157.2.jpg"], "msb98": ["/product-img/msb98.3.jpg", "/product-img/msb98.1.jpg", "/product-img/msb98.4.jpg", "/product-img/msb98.2.jpg"], "dh225": ["/product-img/dh225.2.jpg", "/product-img/dh225.1.jpg"], "gc127": ["/product-img/gc127.1.jpg", "/product-img/gc127.2.jpg"], "gc130": ["/product-img/gc130.2.jpg", "/product-img/gc130.1.jpg"], "msb109": ["/product-img/msb109.3.jpg", "/product-img/msb109.4.jpg", "/product-img/msb109.2.jpg", "/product-img/msb109.1.jpg"], "bs147": ["/product-img/bs147.1.jpg", "/product-img/bs147.3.jpg", "/product-img/bs147.2.jpg"], "tb58": ["/product-img/tb58.3.jpg", "/product-img/tb58.2.jpg", "/product-img/tb58.4.jpg", "/product-img/tb58.1.jpg"], "is37": ["/product-img/is37.3.jpg", "/product-img/is37.1.jpg", "/product-img/is37.2.jpg", "/product-img/is37.4.jpg"], "cp77": ["/product-img/cp77.4.jpg", "/product-img/cp77.3.jpg", "/product-img/cp77.2.jpg", "/product-img/cp77.1.jpg"], "h212": ["/product-img/h212.1.jpg", "/product-img/h212.2.jpg"], "cp45": ["/product-img/cp45.1.jpg", "/product-img/cp45.2.jpg"], "shb87": ["/product-img/shb87.5.jpg", "/product-img/shb87.2.jpg", "/product-img/shb87.3.jpg", "/product-img/shb87.1.jpg", "/product-img/shb87.4.jpg"], "shb94": ["/product-img/shb94.3.jpg", "/product-img/shb94.2.jpg", "/product-img/shb94.1.jpg", "/product-img/shb94.4.jpg"], "gc133": ["/product-img/gc133.2.jpg", "/product-img/gc133.1.jpg"], "cp44": ["/product-img/cp44.2.jpg", "/product-img/cp44.1.jpg"], "is36": ["/product-img/is36.4.jpg", "/product-img/is36.2.jpg", "/product-img/is36.3.jpg", "/product-img/is36.1.jpg"], "gc129": ["/product-img/gc129.2.jpg", "/product-img/gc129.1.jpg"], "h220": ["/product-img/h220.1.jpg", "/product-img/h220.2.jpg"], "gc135": ["/product-img/gc135.2.jpg", "/product-img/gc135.1.jpg"], "msb112": ["/product-img/msb112.1.jpg", "/product-img/msb112.3.jpg", "/product-img/msb112.2.jpg", "/product-img/msb112.4.jpg"], "kc191": ["/product-img/kc191.2.jpg", "/product-img/kc191.1.jpg"], "cp42": ["/product-img/cp42.1.jpg", "/product-img/cp42.2.jpg"], "ds178": ["/product-img/ds178.1.jpg", "/product-img/ds178.3.jpg", "/product-img/ds178.2.jpg"], "ssh227": ["/product-img/ssh227.2.jpg", "/product-img/ssh227.3.jpg", "/product-img/ssh227.1.jpg"], "cp76": ["/product-img/cp76.3.jpg", "/product-img/cp76.2.jpg", "/product-img/cp76.1.jpg", "/product-img/cp76.4.jpg"], "d160": ["/product-img/d160.3.jpg", "/product-img/d160.1.jpg", "/product-img/d160.2.jpg"], "d168": ["/product-img/d168.1.jpg", "/product-img/d168.2.jpg", "/product-img/d168.3.jpg"], "cp79": ["/product-img/cp79.4.jpg", "/product-img/cp79.2.jpg", "/product-img/cp79.3.jpg", "/product-img/cp79.1.jpg"], "dh183": ["/product-img/dh183.1.jpg", "/product-img/dh183.2.jpg"], "jshb210": ["/product-img/jshb210.3.jpg", "/product-img/jshb210.1.jpg", "/product-img/jshb210.4.jpg", "/product-img/jshb210.2.jpg"], "jvb207": ["/product-img/jvb207.4.jpg", "/product-img/jvb207.1.jpg", "/product-img/jvb207.3.jpg", "/product-img/jvb207.2.jpg"], "ds174": ["/product-img/ds174.1.jpg", "/product-img/ds174.3.jpg", "/product-img/ds174.2.jpg"], "d153": ["/product-img/d153.2.jpg", "/product-img/d153.1.jpg"], "jfb208": ["/product-img/jfb208.4.jpg", "/product-img/jfb208.2.jpg", "/product-img/jfb208.3.jpg", "/product-img/jfb208.1.jpg"], "d163": ["/product-img/d163.1.jpg", "/product-img/d163.3.jpg", "/product-img/d163.2.jpg"], "hp222": ["/product-img/hp222.4.jpg", "/product-img/hp222.2.jpg", "/product-img/hp222.1.jpg", "/product-img/hp222.3.jpg"], "msb100": ["/product-img/msb100.1.jpg", "/product-img/msb100.2.jpg", "/product-img/msb100.4.jpg", "/product-img/msb100.3.jpg"], "cp71": ["/product-img/cp71.2.jpg", "/product-img/cp71.1.jpg", "/product-img/cp71.3.jpg"], "s231": ["/product-img/s231.1.jpg", "/product-img/s231.2.jpg", "/product-img/s231.3.jpg"], "cmp121": ["/product-img/cmp121.3.jpg", "/product-img/cmp121.1.jpg", "/product-img/cmp121.4.jpg", "/product-img/cmp121.2.jpg"], "msb102": ["/product-img/msb102.2.jpg", "/product-img/msb102.1.jpg", "/product-img/msb102.4.jpg", "/product-img/msb102.3.jpg"], "dsh229": ["/product-img/dsh229.1.jpg", "/product-img/dsh229.2.jpg"], "shb88": ["/product-img/shb88.4.jpg", "/product-img/shb88.1.jpg", "/product-img/shb88.2.jpg"], "bs143": ["/product-img/bs143.2.jpg", "/product-img/bs143.4.jpg", "/product-img/bs143.3.jpg", "/product-img/bs143.1.jpg"], "kc199": ["/product-img/kc199.1.jpg", "/product-img/kc199.2.jpg"], "d149": ["/product-img/d149.3.jpg", "/product-img/d149.4.jpg", "/product-img/d149.2.jpg", "/product-img/d149.1.jpg"], "h214": ["/product-img/h214.2.jpg", "/product-img/h214.1.jpg"], "er175": ["/product-img/er175.1.jpg", "/product-img/er175.2.jpg"], "d159": ["/product-img/d159.3.jpg", "/product-img/d159.1.jpg", "/product-img/d159.2.jpg"], "h211": ["/product-img/h211.1.jpg", "/product-img/h211.2.jpg"], "wmh186": ["/product-img/wmh186.1.jpg", "/product-img/wmh186.2.jpg"], "bp05": ["/product-img/bp05.2.jpg", "/product-img/bp05.1.jpg", "/product-img/bp05.3.jpg"], "s224": ["/product-img/s224.4.jpg", "/product-img/s224.2.jpg", "/product-img/s224.3.jpg", "/product-img/s224.1.jpg"], "h221": ["/product-img/h221.1.jpg", "/product-img/h221.2.jpg"], "ssh226": ["/product-img/ssh226.1.jpg"], "kc195": ["/product-img/kc195.1.jpg"], "bs185": ["/product-img/bs185.2.jpg", "/product-img/bs185.1.jpg", "/product-img/bs185.3.jpg"], "ls32": ["/product-img/ls32.2.jpg", "/product-img/ls32.3.jpg", "/product-img/ls32.1.jpg"], "cp83": ["/product-img/cp83.4.jpg", "/product-img/cp83.1.jpg", "/product-img/cp83.3.jpg", "/product-img/cp83.2.jpg"], "d151": ["/product-img/d151.1.jpg", "/product-img/d151.3.jpg", "/product-img/d151.2.jpg"], "kc198": ["/product-img/kc198.2.jpg", "/product-img/kc198.1.jpg"], "gc131": ["/product-img/gc131.1.jpg", "/product-img/gc131.2.jpg"], "d152": ["/product-img/d152.2.jpg", "/product-img/d152.3.jpg", "/product-img/d152.1.jpg"], "dh182": ["/product-img/dh182.1.jpg", "/product-img/dh182.2.jpg", "/product-img/dh182.3.jpg"], "bs180": ["/product-img/bs180.1.jpg", "/product-img/bs180.2.jpg"], "kc194": ["/product-img/kc194.1.jpg"], "bs144": ["/product-img/bs144.2.jpg", "/product-img/bs144.1.jpg", "/product-img/bs144.3.jpg"], "ds171": ["/product-img/ds171.3.jpg", "/product-img/ds171.1.jpg", "/product-img/ds171.2.jpg"], "whm217": ["/product-img/whm217.1.jpg"], "gc132": ["/product-img/gc132.1.jpg", "/product-img/gc132.2.jpg"], "d164": ["/product-img/d164.2.jpg", "/product-img/d164.1.jpg", "/product-img/d164.3.jpg"], "h219": ["/product-img/h219.2.jpg", "/product-img/h219.1.jpg"], "cp67": ["/product-img/cp67.2.jpg", "/product-img/cp67.1.jpg", "/product-img/cp67.3.jpg"], "ps187": ["/product-img/ps187.1.jpg", "/product-img/ps187.2.jpg"], "ds170": ["/product-img/ds170.1.jpg", "/product-img/ds170.3.jpg", "/product-img/ds170.2.jpg"], "shb93": ["/product-img/shb93.2.jpg", "/product-img/shb93.1.jpg", "/product-img/shb93.3.jpg", "/product-img/shb93.4.jpg"], "gc136": ["/product-img/gc136.2.jpg", "/product-img/gc136.1.jpg"], "hb27": ["/product-img/hb27.1.jpg"], "d158": ["/product-img/d158.2.jpg", "/product-img/d158.3.jpg", "/product-img/d158.1.jpg"], "kc196": ["/product-img/kc196.1.jpg"], "gc137": ["/product-img/gc137.1.jpg", "/product-img/gc137.2.jpg"], "shb8": ["/product-img/shb8.3.jpg"]}